"Id","X1","X2","CLASS","MIN","INT","MAJ","Actual class safety"
"245.607782,85.986719,MIN","245.607782","85.986719","MIN","1","5","4","1"
"385.607782,192.653386,MIN","385.607782","192.653386","MIN","2","5","3","2"
"420.607782,114.957912,MIN","420.607782","114.957912","MIN","2","5","3","2"
"193.107782,97.180135,MIN","193.107782","97.180135","MIN","1","5","4","1"
"333.107782,203.846801,MIN","333.107782","203.846801","MIN","2","5","3","2"
"298.107782,73.476431,MIN","298.107782","73.476431","MIN","2","5","3","2"
"196.389032,91.254209,MIN","196.389032","91.254209","MIN","1","5","4","1"
"336.389032,197.920875,MIN","336.389032","197.920875","MIN","1","5","4","1"
"178.889032,174.217172,MIN","178.889032","174.217172","MIN","2","5","3","2"
"353.889032,85.328283,MIN","353.889032","85.328283","MIN","2","5","3","2"
"423.889032,138.661616,MIN","423.889032","138.661616","MIN","1","5","4","1"
"327.639032,77.427048,MIN","327.639032","77.427048","MIN","2","5","3","2"
"235.764032,71.501122,MIN","235.764032","71.501122","MIN","2","5","3","2"
"270.764032,213.723344,MIN","270.764032","213.723344","MIN","3","3","4","3"
"174.514032,152.488777,MIN","174.514032","152.488777","MIN","2","5","3","2"
"419.514032,111.007295,MIN","419.514032","111.007295","MIN","2","5","3","2"
"303.576532,211.748036,MIN","303.576532","211.748036","MIN","3","3","4","3"
"373.576532,87.303591,MIN","373.576532","87.303591","MIN","2","5","3","2"
"198.576532,193.970258,MIN","198.576532","193.970258","MIN","2","5","3","2"
"408.576532,167.632809,MIN","408.576532","167.632809","MIN","1","5","4","1"
"181.076532,114.299476,MIN","181.076532","114.299476","MIN","1","5","4","1"
"251.076532,203.188365,MIN","251.076532","203.188365","MIN","1","5","4","1"
"216.076532,78.743921,MIN","216.076532","78.743921","MIN","2","5","3","2"
"399.826532,102.447624,MIN","399.826532","102.447624","MIN","1","5","4","1"
"167.951532,138.00318,MIN","167.951532","138.00318","MIN","2","5","3","2"
"307.951532,64.91676,MIN","307.951532","64.91676","MIN","2","5","3","2"
"202.951532,100.472316,MIN","202.951532","100.472316","MIN","1","5","4","1"
"342.951532,207.138982,MIN","342.951532","207.138982","MIN","2","5","3","2"
"255.451532,76.768612,MIN","255.451532","76.768612","MIN","2","5","3","2"
"395.451532,183.435279,MIN","395.451532","183.435279","MIN","1","5","4","1"
"294.402389,198.363277,MIN","294.402389","198.363277","MIN","1","5","4","1"
"305.652389,185.029944,MIN","305.652389","185.029944","MIN","0","5","5","0"
"245.652389,145.029944,MIN","245.652389","145.029944","MIN","0","5","5","0"
"215.652389,167.252166,MIN","215.652389","167.252166","MIN","0","5","5","0"
"335.652389,127.252166,MIN","335.652389","127.252166","MIN","0","5","5","0"
"275.652389,113.918833,MIN","275.652389","113.918833","MIN","0","5","5","0"
"200.652389,153.918833,MIN","200.652389","153.918833","MIN","1","5","4","1"
"320.652389,100.585499,MIN","320.652389","100.585499","MIN","0","5","5","0"
"260.652389,180.585499,MIN","260.652389","180.585499","MIN","0","5","5","0"
"380.652389,140.585499,MIN","380.652389","140.585499","MIN","0","5","5","0"
"350.652389,160.832413,MIN","350.652389","160.832413","MIN","0","5","5","0"
"290.652389,120.832413,MIN","290.652389","120.832413","MIN","0","5","5","0"
"313.152389,147.49908,MIN","313.152389","147.49908","MIN","0","5","5","0"
"253.152389,94.165746,MIN","253.152389","94.165746","MIN","0","5","5","0"
"373.152389,174.165746,MIN","373.152389","174.165746","MIN","0","5","5","0"
"223.152389,134.165746,MIN","223.152389","134.165746","MIN","0","5","5","0"
"343.152389,89.721302,MIN","343.152389","89.721302","MIN","1","5","4","1"
"283.152389,169.721302,MIN","283.152389","169.721302","MIN","0","5","5","0"
"403.152389,129.721302,MIN","403.152389","129.721302","MIN","0","5","5","0"
"208.152389,116.387969,MIN","208.152389","116.387969","MIN","1","5","4","1"
"328.152389,196.387969,MIN","328.152389","196.387969","MIN","1","5","4","1"
"268.152389,156.387969,MIN","268.152389","156.387969","MIN","0","5","5","0"
"388.152389,103.054635,MIN","388.152389","103.054635","MIN","1","5","4","1"
"238.152389,183.054635,MIN","238.152389","183.054635","MIN","0","5","5","0"
"358.152389,143.054635,MIN","358.152389","143.054635","MIN","0","5","5","0"
"298.152389,85.276858,MIN","298.152389","85.276858","MIN","1","5","4","1"
"300.964889,111.943524,MIN","300.964889","111.943524","MIN","0","5","5","0"
"240.964889,191.943524,MIN","240.964889","191.943524","MIN","0","5","5","0"
"360.964889,151.943524,MIN","360.964889","151.943524","MIN","0","5","5","0"
"330.964889,178.610191,MIN","330.964889","178.610191","MIN","0","5","5","0"
"270.964889,138.610191,MIN","270.964889","138.610191","MIN","0","5","5","0"
"195.964889,163.795376,MIN","195.964889","163.795376","MIN","0","5","5","0"
"315.964889,123.795376,MIN","315.964889","123.795376","MIN","0","5","5","0"
"255.964889,110.462043,MIN","255.964889","110.462043","MIN","0","5","5","0"
"225.964889,150.462043,MIN","225.964889","150.462043","MIN","0","5","5","0"
"345.964889,97.128709,MIN","345.964889","97.128709","MIN","1","5","4","1"
"285.964889,177.128709,MIN","285.964889","177.128709","MIN","0","5","5","0"
"405.964889,137.128709,MIN","405.964889","137.128709","MIN","0","5","5","0"
"308.464889,172.684265,MIN","308.464889","172.684265","MIN","0","5","5","0"
"248.464889,132.684265,MIN","248.464889","132.684265","MIN","0","5","5","0"
"368.464889,119.350932,MIN","368.464889","119.350932","MIN","0","5","5","0"
"338.464889,159.350932,MIN","338.464889","159.350932","MIN","0","5","5","0"
"278.464889,106.017598,MIN","278.464889","106.017598","MIN","0","5","5","0"
"203.464889,146.017598,MIN","203.464889","146.017598","MIN","0","5","5","0"
"323.464889,88.23982,MIN","323.464889","88.23982","MIN","1","5","4","1"
"263.464889,168.23982,MIN","263.464889","168.23982","MIN","0","5","5","0"
"383.464889,128.23982,MIN","383.464889","128.23982","MIN","0","5","5","0"
"233.464889,114.906487,MIN","233.464889","114.906487","MIN","0","5","5","0"
"293.464889,154.906487,MIN","293.464889","154.906487","MIN","0","5","5","0"
"304.714889,141.573154,MIN","304.714889","141.573154","MIN","0","5","5","0"
"364.714889,162.313895,MIN","364.714889","162.313895","MIN","0","5","5","0"
"214.714889,122.313895,MIN","214.714889","122.313895","MIN","0","5","5","0"
"334.714889,108.980561,MIN","334.714889","108.980561","MIN","0","5","5","0"
"274.714889,188.980561,MIN","274.714889","188.980561","MIN","0","5","5","0"
"394.714889,148.980561,MIN","394.714889","148.980561","MIN","0","5","5","0"
"319.714889,175.647228,MIN","319.714889","175.647228","MIN","0","5","5","0"
"259.714889,135.647228,MIN","259.714889","135.647228","MIN","0","5","5","0"
"229.714889,171.202783,MIN","229.714889","171.202783","MIN","0","5","5","0"
"349.714889,131.202783,MIN","349.714889","131.202783","MIN","0","5","5","0"
"289.714889,117.86945,MIN","289.714889","117.86945","MIN","0","5","5","0"
"192.214889,157.86945,MIN","192.214889","157.86945","MIN","0","5","5","0"
"312.214889,104.536117,MIN","312.214889","104.536117","MIN","0","5","5","0"
"252.214889,184.536117,MIN","252.214889","184.536117","MIN","0","5","5","0"
"372.214889,144.536117,MIN","372.214889","144.536117","MIN","0","5","5","0"
"342.214889,166.758339,MIN","342.214889","166.758339","MIN","0","5","5","0"
"282.214889,126.758339,MIN","282.214889","126.758339","MIN","0","5","5","0"
"402.214889,113.425006,MIN","402.214889","113.425006","MIN","0","5","5","0"
"327.214889,153.425006,MIN","327.214889","153.425006","MIN","0","5","5","0"
"267.214889,100.091672,MIN","267.214889","100.091672","MIN","0","5","5","0"
"387.214889,180.091672,MIN","387.214889","180.091672","MIN","0","5","5","0"
"384.54384,515.767413,INT","384.54384","515.767413","INT","5","1","4","1"
"228.50592,300.501806,INT","228.50592","300.501806","INT","5","1","4","1"
"262.919828,435.733443,INT","262.919828","435.733443","INT","5","2","3","2"
"451.25758,486.943999,INT","451.25758","486.943999","INT","5","2","3","2"
"232.212161,245.046204,INT","232.212161","245.046204","INT","5","2","3","2"
"445.735098,339.87878,INT","445.735098","339.87878","INT","5","2","3","2"
"320.717293,223.029089,INT","320.717293","223.029089","INT","5","2","3","2"
"314.972133,488.078181,INT","314.972133","488.078181","INT","5","1","4","1"
"284.175395,462.236665,INT","284.175395","462.236665","INT","5","2","3","2"
"387.922322,256.931614,INT","387.922322","256.931614","INT","5","2","3","2"
"452.597143,437.701691,INT","452.597143","437.701691","INT","5","1","4","1"
"391.762636,277.333233,INT","391.762636","277.333233","INT","5","2","3","2"
"218.071706,333.991718,INT","218.071706","333.991718","INT","5","1","4","1"
"234.668376,397.112994,INT","234.668376","397.112994","INT","5","2","3","2"
"220.706297,317.929963,INT","220.706297","317.929963","INT","5","1","4","1"
"296.946596,477.482034,INT","296.946596","477.482034","INT","5","2","3","2"
"425.878708,315.799004,INT","425.878708","315.799004","INT","5","1","4","1"
"219.813138,269.976717,INT","219.813138","269.976717","INT","5","1","4","1"
"394.739948,517.958839,INT","394.739948","517.958839","INT","5","2","3","2"
"264.185049,443.08112,INT","264.185049","443.08112","INT","5","2","3","2"
"386.820865,270.492584,INT","386.820865","270.492584","INT","5","2","3","2"
"307.023243,214.779049,INT","307.023243","214.779049","INT","3","3","4","3"
"411.321307,285.428594,INT","411.321307","285.428594","INT","5","2","3","2"
"419.433844,498.854921,INT","419.433844","498.854921","INT","5","1","4","1"
"334.843019,242.339314,INT","334.843019","242.339314","INT","5","1","4","1"
"329.097859,507.388405,INT","329.097859","507.388405","INT","5","2","3","2"
"443.697583,375.88095,INT","443.697583","375.88095","INT","5","1","4","1"
"232.228876,367.106405,INT","232.228876","367.106405","INT","5","0","5","0"
"218.266796,287.923374,INT","218.266796","287.923374","INT","5","2","3","2"
"424.466323,328.82143,INT","424.466323","328.82143","INT","5","1","4","1"
"368.484399,259.357895,INT","368.484399","259.357895","INT","5","2","3","2"
"244.01773,418.4628,INT","244.01773","418.4628","INT","5","2","3","2"
"261.626204,228.961571,INT","261.626204","228.961571","INT","4","2","4","2"
"227.956886,335.644601,INT","227.956886","335.644601","INT","5","1","4","1"
"238.495248,271.397581,INT","238.495248","271.397581","INT","5","0","5","0"
"413.422058,519.379703,INT","413.422058","519.379703","INT","5","2","3","2"
"452.018186,366.230157,INT","452.018186","366.230157","INT","5","2","3","2"
"284.965924,448.137152,INT","284.965924","448.137152","INT","5","2","3","2"
"233.761892,283.824168,INT","233.761892","283.824168","INT","5","1","4","1"
"298.912692,231.668662,INT","298.912692","231.668662","INT","5","1","4","1"
"403.210756,302.318208,INT","403.210756","302.318208","INT","5","0","5","0"
"229.519826,358.976693,INT","229.519826","358.976693","INT","5","2","3","2"
"438.115954,500.275785,INT","438.115954","500.275785","INT","5","1","4","1"
"353.525129,243.760178,INT","353.525129","243.760178","INT","5","2","3","2"
"347.779969,508.809269,INT","347.779969","508.809269","INT","5","2","3","2"
"256.892848,241.388157,INT","256.892848","241.388157","INT","5","0","5","0"
"236.158494,384.225203,INT","236.158494","384.225203","INT","5","0","5","0"
"378.234335,520.307779,INT","378.234335","520.307779","INT","5","2","3","2"
"222.196415,305.042173,INT","222.196415","305.042173","INT","5","2","3","2"
"297.737125,463.382521,INT","297.737125","463.382521","INT","5","2","3","2"
"322.371174,231.049945,INT","322.371174","231.049945","INT","5","1","4","1"
"426.669237,301.699491,INT","426.669237","301.699491","INT","5","2","3","2"
"261.760451,425.990969,INT","261.760451","425.990969","INT","5","1","4","1"
"275.171394,229.219403,INT","275.171394","229.219403","INT","4","2","4","2"
"450.098204,477.201525,INT","450.098204","477.201525","INT","5","2","3","2"
"433.010244,351.354311,INT","433.010244","351.354311","INT","5","1","4","1"
"361.325159,509.067102,INT","361.325159","509.067102","INT","5","2","3","2"
"379.662911,265.829021,INT","379.662911","265.829021","INT","5","1","4","1"
"462.199507,436.286597,INT","462.199507","436.286597","INT","5","2","3","2"
"402.064588,277.129862,INT","402.064588","277.129862","INT","5","1","4","1"
"300.191886,261.508829,INT","300.191886","261.508829","INT","5","0","5","0"
"361.220743,457.213909,INT","361.220743","457.213909","INT","5","0","5","0"
"389.163029,325.611369,INT","389.163029","325.611369","INT","5","0","5","0"
"236.179616,285.636324,INT","236.179616","285.636324","INT","5","1","4","1"
"414.121902,413.841405,INT","414.121902","413.841405","INT","5","0","5","0"
"325.150759,349.738864,INT","325.150759","349.738864","INT","5","0","5","0"
"362.137637,405.364516,INT","362.137637","405.364516","INT","5","0","5","0"
"256.499827,312.394463,INT","256.499827","312.394463","INT","5","0","5","0"
"434.442114,440.599543,INT","434.442114","440.599543","INT","5","0","5","0"
"287.014256,410.247003,INT","287.014256","410.247003","INT","5","0","5","0"
"292.73432,240.154445,INT","292.73432","240.154445","INT","5","1","4","1"
"353.763177,435.859525,INT","353.763177","435.859525","INT","5","0","5","0"
"381.705463,304.256985,INT","381.705463","304.256985","INT","5","0","5","0"
"238.382581,348.514472,INT","238.382581","348.514472","INT","5","0","5","0"
"416.324867,476.719552,INT","416.324867","476.719552","INT","5","0","5","0"
"327.353724,412.617012,INT","327.353724","412.617012","INT","5","0","5","0"
"338.629344,252.146958,INT","338.629344","252.146958","INT","5","0","5","0"
"341.201486,481.602039,INT","341.201486","481.602039","INT","5","0","5","0"
"369.143772,349.999498,INT","369.143772","349.999498","INT","5","0","5","0"
"261.654111,253.821943,INT","261.654111","253.821943","INT","5","0","5","0"
"439.596397,382.027024,INT","439.596397","382.027024","INT","5","1","4","1"
"248.326003,376.986983,INT","248.326003","376.986983","INT","5","0","5","0"
"309.601623,303.11947,INT","309.601623","303.11947","INT","5","0","5","0"
"370.630479,498.824551,INT","370.630479","498.824551","INT","5","2","3","2"
"398.572766,367.22201,INT","398.572766","367.22201","INT","5","0","5","0"
"234.478241,308.001957,INT","234.478241","308.001957","INT","5","0","5","0"
"412.420527,436.207037,INT","412.420527","436.207037","INT","5","0","5","0"
"323.449384,372.104497,INT","323.449384","372.104497","INT","5","0","5","0"
"319.1799,477.209533,INT","319.1799","477.209533","INT","5","1","4","1"
"347.122186,345.606992,INT","347.122186","345.606992","INT","5","0","5","0"
"291.484376,339.239479,INT","291.484376","339.239479","INT","5","0","5","0"
"321.998805,437.092019,INT","321.998805","437.092019","INT","5","0","5","0"
"333.274424,276.621966,INT","333.274424","276.621966","INT","5","0","5","0"
"394.303281,472.327046,INT","394.303281","472.327046","INT","5","0","5","0"
"422.245568,340.724506,INT","422.245568","340.724506","INT","5","1","4","1"
"379.388148,429.618278,INT","379.388148","429.618278","INT","5","0","5","0"
"290.417005,365.515738,INT","290.417005","365.515738","INT","5","0","5","0"
"351.692625,291.648225,INT","351.692625","291.648225","INT","5","0","5","0"
"382.207053,389.500765,INT","382.207053","389.500765","INT","5","0","5","0"
"276.569243,296.530711,INT","276.569243","296.530711","INT","5","0","5","0"
"277.855314,411.258251,INT","277.855314","411.258251","INT","5","0","5","0"
"281.723527,237.958192,INT","281.723527","237.958192","INT","5","1","4","1"
"342.752384,433.663272,INT","342.752384","433.663272","INT","5","0","5","0"
"370.69467,302.060732,INT","370.69467","302.060732","INT","5","0","5","0"
"256.600145,329.443219,INT","256.600145","329.443219","INT","5","0","5","0"
"434.542432,457.648299,INT","434.542432","457.648299","INT","5","0","5","0"
"345.571288,393.545759,INT","345.571288","393.545759","INT","5","0","5","0"
"343.5188,356.240745,INT","343.5188","356.240745","INT","5","0","5","0"
"248.992102,282.515701,INT","248.992102","282.515701","INT","5","0","5","0"
"426.934388,410.720781,INT","426.934388","410.720781","INT","5","0","5","0"
"279.50653,380.368241,INT","279.50653","380.368241","INT","5","0","5","0"
"340.78215,306.500727,INT","340.78215","306.500727","INT","5","0","5","0"
"401.811007,502.205808,INT","401.811007","502.205808","INT","5","1","4","1"
"429.753293,370.603268,INT","429.753293","370.603268","INT","5","0","5","0"
"236.430411,328.258214,INT","236.430411","328.258214","INT","5","0","5","0"
"414.372697,456.463295,INT","414.372697","456.463295","INT","5","0","5","0"
"325.401554,392.360754,INT","325.401554","392.360754","INT","5","0","5","0"
"333.69376,451.723277,INT","333.69376","451.723277","INT","5","0","5","0"
"361.636047,320.120736,INT","361.636047","320.120736","INT","5","0","5","0"
"305.998237,313.753223,INT","305.998237","313.753223","INT","5","0","5","0"
"291.158343,283.831022,INT","291.158343","283.831022","INT","5","0","5","0"
"352.187199,479.536103,INT","352.187199","479.536103","INT","5","0","5","0"
"380.129486,347.933562,INT","380.129486","347.933562","INT","5","0","5","0"
"385.952556,403.019416,INT","385.952556","403.019416","INT","5","0","5","0"
"296.981413,338.916876,INT","296.981413","338.916876","INT","5","0","5","0"
"358.257033,265.049362,INT","358.257033","265.049362","INT","5","1","4","1"
"359.543104,379.776903,INT","359.543104","379.776903","INT","5","0","5","0"
"253.905294,286.806849,INT","253.905294","286.806849","INT","5","0","5","0"
"431.84758,415.01193,INT","431.84758","415.01193","INT","5","0","5","0"
"284.419722,384.659389,INT","284.419722","384.659389","INT","5","0","5","0"
"306.806453,243.434344,INT","306.806453","243.434344","INT","5","0","5","0"
"367.83531,439.139425,INT","367.83531","439.139425","INT","5","0","5","0"
"395.777596,307.536885,INT","395.777596","307.536885","INT","5","0","5","0"
"415.782822,488.436952,INT","415.782822","488.436952","INT","5","0","5","0"
"326.811679,424.334412,INT","326.811679","424.334412","INT","5","0","5","0"
"338.087298,263.864358,INT","338.087298","263.864358","INT","5","0","5","0"
"340.65944,493.319439,INT","340.65944","493.319439","INT","5","0","5","0"
"368.601727,361.716898,INT","368.601727","361.716898","INT","5","0","5","0"
"257.408361,259.12434,INT","257.408361","259.12434","INT","5","0","5","0"
"435.350648,387.329421,INT","435.350648","387.329421","INT","5","1","4","1"
"258.694432,373.85188,INT","258.694432","373.85188","INT","5","0","5","0"
"319.970052,299.984367,INT","319.970052","299.984367","INT","5","0","5","0"
"380.998909,495.689448,INT","380.998909","495.689448","INT","5","1","4","1"
"408.941195,364.086907,INT","408.941195","364.086907","INT","5","0","5","0"
"244.846671,304.866853,INT","244.846671","304.866853","INT","5","0","5","0"
"422.788957,433.071934,INT","422.788957","433.071934","INT","5","0","5","0"
"333.817814,368.969394,INT","333.817814","368.969394","INT","5","0","5","0"
"322.606385,332.675629,INT","322.606385","332.675629","INT","5","0","5","0"
"266.968575,326.308115,INT","266.968575","326.308115","INT","5","0","5","0"
"444.910861,454.513196,INT","444.910861","454.513196","INT","5","0","5","0"
"297.483003,424.160656,INT","297.483003","424.160656","INT","5","0","5","0"
"308.758623,263.690602,INT","308.758623","263.690602","INT","5","0","5","0"
"369.78748,459.395683,INT","369.78748","459.395683","INT","5","0","5","0"
"397.729766,327.793142,INT","397.729766","327.793142","INT","5","0","5","0"
"393.460282,432.898178,INT","393.460282","432.898178","INT","5","0","5","0"
"304.489138,368.795638,INT","304.489138","368.795638","INT","5","0","5","0"
"365.764758,294.928124,INT","365.764758","294.928124","INT","5","0","5","0"
"396.279187,392.780665,INT","396.279187","392.780665","INT","5","0","5","0"
"290.641377,299.810611,INT","290.641377","299.810611","INT","5","0","5","0"
"277.313269,422.975651,INT","277.313269","422.975651","INT","5","0","5","0"
"283.033333,252.883093,INT","283.033333","252.883093","INT","5","0","5","0"
"344.06219,448.588174,INT","344.06219","448.588174","INT","5","0","5","0"
"372.004476,316.985633,INT","372.004476","316.985633","INT","5","0","5","0"
"257.909952,344.36812,INT","257.909952","344.36812","INT","5","0","5","0"
"435.852238,472.573201,INT","435.852238","472.573201","INT","5","0","5","0"
"346.881095,408.47066,INT","346.881095","408.47066","INT","5","0","5","0"
"359.442786,362.728147,INT","359.442786","362.728147","INT","5","0","5","0"
"424.339855,385.133168,INT","424.339855","385.133168","INT","5","0","5","0"
"276.911997,354.780627,INT","276.911997","354.780627","INT","5","0","5","0"
"338.187616,280.913114,INT","338.187616","280.913114","INT","5","0","5","0"
"399.216473,476.618195,INT","399.216473","476.618195","INT","5","0","5","0"
"427.15876,345.015654,INT","427.15876","345.015654","INT","5","1","4","1"
"386.203351,445.641306,INT","386.203351","445.641306","INT","5","0","5","0"
"297.232208,381.538766,INT","297.232208","381.538766","INT","5","0","5","0"
"319.618939,240.313721,INT","319.618939","240.313721","INT","5","0","5","0"
"322.191081,469.768802,INT","322.191081","469.768802","INT","5","0","5","0"
"350.133367,338.166261,INT","350.133367","338.166261","INT","5","0","5","0"
"294.495557,331.798748,INT","294.495557","331.798748","INT","5","0","5","0"
"295.781629,446.526288,INT","295.781629","446.526288","INT","5","1","4","1"
"307.057248,286.056234,INT","307.057248","286.056234","INT","5","0","5","0"
"368.086105,481.761315,INT","368.086105","481.761315","INT","5","0","5","0"
"396.028391,350.158775,INT","396.028391","350.158775","INT","5","0","5","0"
"404.320598,409.521297,INT","404.320598","409.521297","INT","5","0","5","0"
"315.349454,345.418757,INT","315.349454","345.418757","INT","5","0","5","0"
"363.296966,394.716284,INT","363.296966","394.716284","INT","5","0","5","0"
"257.659157,301.74623,INT","257.659157","301.74623","INT","5","0","5","0"
"435.601443,429.951311,INT","435.601443","429.951311","INT","5","0","5","0"
"288.173585,399.59877,INT","288.173585","399.59877","INT","5","0","5","0"
"352.864893,421.647402,INT","352.864893","421.647402","INT","5","0","5","0"
"380.807179,290.044862,INT","380.807179","290.044862","INT","5","0","5","0"
"237.484297,334.302348,INT","237.484297","334.302348","INT","5","1","4","1"
"415.426583,462.507429,INT","415.426583","462.507429","INT","5","0","5","0"
"326.45544,398.404889,INT","326.45544","398.404889","INT","5","0","5","0"
"340.303202,467.389916,INT","340.303202","467.389916","INT","5","0","5","0"
"368.245488,335.787375,INT","368.245488","335.787375","INT","5","0","5","0"
"273.71879,262.06233,INT","273.71879","262.06233","INT","5","0","5","0"
"253.083593,389.446121,INT","253.083593","389.446121","INT","5","0","5","0"
"314.359212,315.578607,INT","314.359212","315.578607","INT","5","0","5","0"
"403.330356,379.681148,INT","403.330356","379.681148","INT","5","0","5","0"
"239.235831,320.461094,INT","239.235831","320.461094","INT","5","0","5","0"
"256.411821,405.142413,INT","256.411821","405.142413","INT","5","1","4","1"
"556.411821,205.142413,MAJ","556.411821","205.142413","MAJ","5","5","0","0"
"68.911821,138.475747,MAJ","68.911821","138.475747","MAJ","5","5","0","0"
"368.911821,538.475747,MAJ","368.911821","538.475747","MAJ","5","3","2","2"
"218.911821,338.475747,MAJ","218.911821","338.475747","MAJ","5","1","4","4"
"518.911821,71.80908,MAJ","518.911821","71.80908","MAJ","5","5","0","0"
"143.911821,471.80908,MAJ","143.911821","471.80908","MAJ","5","5","0","0"
"443.911821,271.80908,MAJ","443.911821","271.80908","MAJ","5","5","0","0"
"293.911821,49.586858,MAJ","293.911821","49.586858","MAJ","3","5","2","2"
"593.911821,449.586858,MAJ","593.911821","449.586858","MAJ","5","5","0","0"
"7.974321,249.586858,MAJ","7.974321","249.586858","MAJ","5","5","0","0"
"157.974321,582.920191,MAJ","157.974321","582.920191","MAJ","5","5","0","0"
"457.974321,382.920191,MAJ","457.974321","382.920191","MAJ","5","1","4","4"
"82.974321,116.253525,MAJ","82.974321","116.253525","MAJ","5","5","0","0"
"382.974321,516.253525,MAJ","382.974321","516.253525","MAJ","5","0","5","5"
"532.974321,27.364636,MAJ","532.974321","27.364636","MAJ","5","5","0","0"
"45.474321,427.364636,MAJ","45.474321","427.364636","MAJ","5","5","0","0"
"345.474321,227.364636,MAJ","345.474321","227.364636","MAJ","4","3","3","3"
"495.474321,560.697969,MAJ","495.474321","560.697969","MAJ","5","5","0","0"
"120.474321,360.697969,MAJ","120.474321","360.697969","MAJ","5","5","0","0"
"420.474321,94.031302,MAJ","420.474321","94.031302","MAJ","2","5","3","3"
"270.474321,494.031302,MAJ","270.474321","494.031302","MAJ","5","5","0","0"
"570.474321,294.031302,MAJ","570.474321","294.031302","MAJ","5","5","0","0"
"26.724321,19.957228,MAJ","26.724321","19.957228","MAJ","5","5","0","0"
"176.724321,219.957228,MAJ","176.724321","219.957228","MAJ","5","5","0","0"
"476.724321,153.290562,MAJ","476.724321","153.290562","MAJ","5","5","0","0"
"101.724321,553.290562,MAJ","101.724321","553.290562","MAJ","5","5","0","0"
"551.724321,486.623895,MAJ","551.724321","486.623895","MAJ","5","5","0","0"
"64.224321,286.623895,MAJ","64.224321","286.623895","MAJ","5","5","0","0"
"364.224321,64.401673,MAJ","364.224321","64.401673","MAJ","3","5","2","2"
"214.224321,464.401673,MAJ","214.224321","464.401673","MAJ","5","5","0","0"
"514.224321,264.401673,MAJ","514.224321","264.401673","MAJ","5","5","0","0"
"139.224321,197.735006,MAJ","139.224321","197.735006","MAJ","5","5","0","0"
"439.224321,597.735006,MAJ","439.224321","597.735006","MAJ","5","5","0","0"
"589.224321,131.068339,MAJ","589.224321","131.068339","MAJ","5","5","0","0"
"17.349321,531.068339,MAJ","17.349321","531.068339","MAJ","5","5","0","0"
"167.349321,42.17945,MAJ","167.349321","42.17945","MAJ","5","5","0","0"
"467.349321,442.17945,MAJ","467.349321","442.17945","MAJ","5","1","4","4"
"92.349321,242.17945,MAJ","92.349321","242.17945","MAJ","5","5","0","0"
"242.349321,575.512784,MAJ","242.349321","575.512784","MAJ","5","5","0","0"
"542.349321,375.512784,MAJ","542.349321","375.512784","MAJ","5","5","0","0"
"54.849321,108.846117,MAJ","54.849321","108.846117","MAJ","5","5","0","0"
"354.849321,508.846117,MAJ","354.849321","508.846117","MAJ","5","1","4","4"
"204.849321,308.846117,MAJ","204.849321","308.846117","MAJ","5","3","2","2"
"504.849321,12.549821,MAJ","504.849321","12.549821","MAJ","5","5","0","0"
"129.849321,412.549821,MAJ","129.849321","412.549821","MAJ","5","5","0","0"
"429.849321,212.549821,MAJ","429.849321","212.549821","MAJ","5","5","0","0"
"579.849321,545.883154,MAJ","579.849321","545.883154","MAJ","5","5","0","0"
"36.099321,345.883154,MAJ","36.099321","345.883154","MAJ","5","5","0","0"
"336.099321,79.216488,MAJ","336.099321","79.216488","MAJ","0","5","5","5"
"186.099321,479.216488,MAJ","186.099321","479.216488","MAJ","5","5","0","0"
"486.099321,279.216488,MAJ","486.099321","279.216488","MAJ","5","5","0","0"
"111.099321,56.994265,MAJ","111.099321","56.994265","MAJ","5","5","0","0"
"561.099321,190.327599,MAJ","561.099321","190.327599","MAJ","5","5","0","0"
"73.599321,590.327599,MAJ","73.599321","590.327599","MAJ","5","5","0","0"
"523.599321,523.660932,MAJ","523.599321","523.660932","MAJ","5","5","0","0"
"148.599321,323.660932,MAJ","148.599321","323.660932","MAJ","5","5","0","0"
"448.599321,34.772043,MAJ","448.599321","34.772043","MAJ","5","5","0","0"
"598.599321,234.772043,MAJ","598.599321","234.772043","MAJ","5","5","0","0"
"2.114946,168.105376,MAJ","2.114946","168.105376","MAJ","5","5","0","0"
"302.114946,568.105376,MAJ","302.114946","568.105376","MAJ","5","5","0","0"
"152.114946,368.105376,MAJ","152.114946","368.105376","MAJ","5","5","0","0"
"452.114946,101.43871,MAJ","452.114946","101.43871","MAJ","5","5","0","0"
"77.114946,501.43871,MAJ","77.114946","501.43871","MAJ","5","5","0","0"
"227.114946,2.673278,MAJ","227.114946","2.673278","MAJ","5","5","0","0"
"527.114946,402.673278,MAJ","527.114946","402.673278","MAJ","5","5","0","0"
"39.614946,202.673278,MAJ","39.614946","202.673278","MAJ","5","5","0","0"
"189.614946,536.006611,MAJ","189.614946","536.006611","MAJ","5","5","0","0"
"489.614946,336.006611,MAJ","489.614946","336.006611","MAJ","5","5","0","0"
"114.614946,69.339944,MAJ","114.614946","69.339944","MAJ","5","5","0","0"
"564.614946,47.117722,MAJ","564.614946","47.117722","MAJ","5","5","0","0"
"20.864946,447.117722,MAJ","20.864946","447.117722","MAJ","5","5","0","0"
"170.864946,180.451055,MAJ","170.864946","180.451055","MAJ","2","5","3","3"
"470.864946,580.451055,MAJ","470.864946","580.451055","MAJ","5","5","0","0"
"95.864946,380.451055,MAJ","95.864946","380.451055","MAJ","5","5","0","0"
"245.864946,513.784389,MAJ","245.864946","513.784389","MAJ","5","5","0","0"
"545.864946,313.784389,MAJ","545.864946","313.784389","MAJ","5","5","0","0"
"58.364946,24.8955,MAJ","58.364946","24.8955","MAJ","5","5","0","0"
"208.364946,224.8955,MAJ","208.364946","224.8955","MAJ","5","5","0","0"
"508.364946,158.228833,MAJ","508.364946","158.228833","MAJ","5","5","0","0"
"133.364946,558.228833,MAJ","133.364946","558.228833","MAJ","5","5","0","0"
"583.364946,491.562167,MAJ","583.364946","491.562167","MAJ","5","5","0","0"
"11.489946,291.562167,MAJ","11.489946","291.562167","MAJ","5","5","0","0"
"311.489946,17.488092,MAJ","311.489946","17.488092","MAJ","5","5","0","0"
"161.489946,417.488092,MAJ","161.489946","417.488092","MAJ","5","5","0","0"
"461.489946,217.488092,MAJ","461.489946","217.488092","MAJ","5","5","0","0"
"86.489946,150.821426,MAJ","86.489946","150.821426","MAJ","5","5","0","0"
"386.489946,550.821426,MAJ","386.489946","550.821426","MAJ","5","4","1","1"
"536.489946,84.154759,MAJ","536.489946","84.154759","MAJ","5","5","0","0"
"48.989946,484.154759,MAJ","48.989946","484.154759","MAJ","5","5","0","0"
"198.989946,61.932537,MAJ","198.989946","61.932537","MAJ","3","5","2","2"
"498.989946,461.932537,MAJ","498.989946","461.932537","MAJ","5","5","0","0"
"123.989946,261.932537,MAJ","123.989946","261.932537","MAJ","5","5","0","0"
"423.989946,195.26587,MAJ","423.989946","195.26587","MAJ","5","5","0","0"
"273.989946,595.26587,MAJ","273.989946","595.26587","MAJ","5","5","0","0"
"573.989946,395.26587,MAJ","573.989946","395.26587","MAJ","5","5","0","0"
"30.239946,128.599204,MAJ","30.239946","128.599204","MAJ","5","5","0","0"
"330.239946,528.599204,MAJ","330.239946","528.599204","MAJ","5","3","2","2"
"180.239946,328.599204,MAJ","180.239946","328.599204","MAJ","5","5","0","0"
"480.239946,39.710315,MAJ","480.239946","39.710315","MAJ","5","5","0","0"
"105.239946,439.710315,MAJ","105.239946","439.710315","MAJ","5","5","0","0"
"405.239946,239.710315,MAJ","405.239946","239.710315","MAJ","5","4","1","1"
"555.239946,573.043648,MAJ","555.239946","573.043648","MAJ","5","5","0","0"
"67.739946,373.043648,MAJ","67.739946","373.043648","MAJ","5","5","0","0"
"217.739946,506.376981,MAJ","217.739946","506.376981","MAJ","5","5","0","0"
"517.739946,306.376981,MAJ","517.739946","306.376981","MAJ","5","5","0","0"
"142.739946,10.080685,MAJ","142.739946","10.080685","MAJ","5","5","0","0"
"292.739946,210.080685,MAJ","292.739946","210.080685","MAJ","2","4","4","4"
"592.739946,143.414018,MAJ","592.739946","143.414018","MAJ","5","5","0","0"
"6.802446,543.414018,MAJ","6.802446","543.414018","MAJ","5","5","0","0"
"156.802446,76.747352,MAJ","156.802446","76.747352","MAJ","5","5","0","0"
"456.802446,476.747352,MAJ","456.802446","476.747352","MAJ","5","1","4","4"
"81.802446,276.747352,MAJ","81.802446","276.747352","MAJ","5","5","0","0"
"381.802446,54.525129,MAJ","381.802446","54.525129","MAJ","5","5","0","0"
"231.802446,454.525129,MAJ","231.802446","454.525129","MAJ","5","5","0","0"
"531.802446,254.525129,MAJ","531.802446","254.525129","MAJ","5","5","0","0"
"44.302446,187.858463,MAJ","44.302446","187.858463","MAJ","5","5","0","0"
"344.302446,587.858463,MAJ","344.302446","587.858463","MAJ","5","5","0","0"
"194.302446,387.858463,MAJ","194.302446","387.858463","MAJ","5","4","1","1"
"494.302446,121.191796,MAJ","494.302446","121.191796","MAJ","5","5","0","0"
"119.302446,521.191796,MAJ","119.302446","521.191796","MAJ","5","5","0","0"
"419.302446,321.191796,INT","419.302446","321.191796","INT","5","1","4","1"
"269.302446,32.302907,MAJ","269.302446","32.302907","MAJ","5","5","0","0"
"569.302446,432.302907,MAJ","569.302446","432.302907","MAJ","5","5","0","0"
"25.552446,232.302907,MAJ","25.552446","232.302907","MAJ","5","5","0","0"
"175.552446,565.636241,MAJ","175.552446","565.636241","MAJ","5","5","0","0"
"475.552446,365.636241,MAJ","475.552446","365.636241","MAJ","5","4","1","1"
"100.552446,98.969574,MAJ","100.552446","98.969574","MAJ","5","5","0","0"
"550.552446,1.850232,MAJ","550.552446","1.850232","MAJ","5","5","0","0"
"63.052446,401.850232,MAJ","63.052446","401.850232","MAJ","5","5","0","0"
"363.052446,201.850232,MAJ","363.052446","201.850232","MAJ","1","5","4","4"
"513.052446,535.183566,MAJ","513.052446","535.183566","MAJ","5","5","0","0"
"138.052446,335.183566,MAJ","138.052446","335.183566","MAJ","5","5","0","0"
"438.052446,68.516899,MAJ","438.052446","68.516899","MAJ","5","5","0","0"
"288.052446,468.516899,MAJ","288.052446","468.516899","MAJ","5","1","4","4"
"588.052446,268.516899,MAJ","588.052446","268.516899","MAJ","5","5","0","0"
"16.177446,46.294677,MAJ","16.177446","46.294677","MAJ","5","5","0","0"
"166.177446,246.294677,MAJ","166.177446","246.294677","MAJ","5","5","0","0"
"466.177446,179.62801,MAJ","466.177446","179.62801","MAJ","5","5","0","0"
"91.177446,579.62801,MAJ","91.177446","579.62801","MAJ","5","5","0","0"
"541.177446,512.961343,MAJ","541.177446","512.961343","MAJ","5","5","0","0"
"53.677446,312.961343,MAJ","53.677446","312.961343","MAJ","5","5","0","0"
"353.677446,24.072455,MAJ","353.677446","24.072455","MAJ","5","5","0","0"
"203.677446,424.072455,MAJ","203.677446","424.072455","MAJ","5","5","0","0"
"503.677446,224.072455,MAJ","503.677446","224.072455","MAJ","5","5","0","0"
"128.677446,157.405788,MAJ","128.677446","157.405788","MAJ","5","5","0","0"
"428.677446,557.405788,MAJ","428.677446","557.405788","MAJ","5","5","0","0"
"578.677446,90.739121,MAJ","578.677446","90.739121","MAJ","5","5","0","0"
"34.927446,490.739121,MAJ","34.927446","490.739121","MAJ","5","5","0","0"
"184.927446,16.665047,MAJ","184.927446","16.665047","MAJ","5","5","0","0"
"484.927446,416.665047,MAJ","484.927446","416.665047","MAJ","5","5","0","0"
"109.927446,216.665047,MAJ","109.927446","216.665047","MAJ","5","5","0","0"
"259.927446,549.998381,MAJ","259.927446","549.998381","MAJ","5","5","0","0"
"559.927446,349.998381,MAJ","559.927446","349.998381","MAJ","5","5","0","0"
"72.427446,83.331714,MAJ","72.427446","83.331714","MAJ","5","5","0","0"
"222.427446,283.331714,INT","222.427446","283.331714","INT","5","1","4","1"
"522.427446,61.109492,MAJ","522.427446","61.109492","MAJ","5","5","0","0"
"147.427446,461.109492,MAJ","147.427446","461.109492","MAJ","5","5","0","0"
"447.427446,261.109492,MAJ","447.427446","261.109492","MAJ","5","5","0","0"
"597.427446,594.442825,MAJ","597.427446","594.442825","MAJ","5","5","0","0"
"4.458696,394.442825,MAJ","4.458696","394.442825","MAJ","5","5","0","0"
"154.458696,527.776158,MAJ","154.458696","527.776158","MAJ","5","5","0","0"
"454.458696,327.776158,MAJ","454.458696","327.776158","MAJ","5","4","1","1"
"79.458696,38.887269,MAJ","79.458696","38.887269","MAJ","5","5","0","0"
"229.458696,238.887269,MAJ","229.458696","238.887269","MAJ","5","3","2","2"
"529.458696,172.220603,MAJ","529.458696","172.220603","MAJ","5","5","0","0"
"41.958696,572.220603,MAJ","41.958696","572.220603","MAJ","5","5","0","0"
"191.958696,105.553936,MAJ","191.958696","105.553936","MAJ","0","5","5","5"
"491.958696,505.553936,MAJ","491.958696","505.553936","MAJ","5","5","0","0"
"116.958696,305.553936,MAJ","116.958696","305.553936","MAJ","5","5","0","0"
"416.958696,9.25764,MAJ","416.958696","9.25764","MAJ","5","5","0","0"
"566.958696,209.25764,MAJ","566.958696","209.25764","MAJ","5","5","0","0"
"23.208696,142.590973,MAJ","23.208696","142.590973","MAJ","5","5","0","0"
"323.208696,542.590973,MAJ","323.208696","542.590973","MAJ","5","5","0","0"
"173.208696,342.590973,MAJ","173.208696","342.590973","MAJ","5","5","0","0"
"473.208696,75.924306,MAJ","473.208696","75.924306","MAJ","5","5","0","0"
"98.208696,475.924306,MAJ","98.208696","475.924306","MAJ","5","5","0","0"
"398.208696,275.924306,MAJ","398.208696","275.924306","MAJ","5","1","4","4"
"248.208696,53.702084,MAJ","248.208696","53.702084","MAJ","3","5","2","2"
"548.208696,453.702084,MAJ","548.208696","453.702084","MAJ","5","5","0","0"
"60.708696,253.702084,MAJ","60.708696","253.702084","MAJ","5","5","0","0"
"210.708696,587.035418,MAJ","210.708696","587.035418","MAJ","5","5","0","0"
"510.708696,387.035418,MAJ","510.708696","387.035418","MAJ","5","5","0","0"
"135.708696,120.368751,MAJ","135.708696","120.368751","MAJ","5","5","0","0"
"435.708696,520.368751,MAJ","435.708696","520.368751","MAJ","5","3","2","2"
"585.708696,31.479862,MAJ","585.708696","31.479862","MAJ","5","5","0","0"
"13.833696,431.479862,MAJ","13.833696","431.479862","MAJ","5","5","0","0"
"313.833696,231.479862,INT","313.833696","231.479862","INT","5","1","4","1"
"163.833696,164.813195,MAJ","163.833696","164.813195","MAJ","2","5","3","3"
"463.833696,564.813195,MAJ","463.833696","564.813195","MAJ","5","5","0","0"
"88.833696,364.813195,MAJ","88.833696","364.813195","MAJ","5","5","0","0"
"388.833696,98.146529,MIN","388.833696","98.146529","MIN","1","5","4","1"
"238.833696,498.146529,MAJ","238.833696","498.146529","MAJ","5","5","0","0"
"538.833696,298.146529,MAJ","538.833696","298.146529","MAJ","5","5","0","0"
"51.333696,6.788504,MAJ","51.333696","6.788504","MAJ","5","5","0","0"
"201.333696,206.788504,MAJ","201.333696","206.788504","MAJ","3","5","2","2"
"501.333696,140.121837,MAJ","501.333696","140.121837","MAJ","5","5","0","0"
"126.333696,540.121837,MAJ","126.333696","540.121837","MAJ","5","5","0","0"
"426.333696,340.121837,MAJ","426.333696","340.121837","MAJ","5","0","5","5"
"276.333696,73.455171,MAJ","276.333696","73.455171","MAJ","1","5","4","4"
"576.333696,473.455171,MAJ","576.333696","473.455171","MAJ","5","5","0","0"
"32.583696,273.455171,MAJ","32.583696","273.455171","MAJ","5","5","0","0"
"332.583696,51.232948,MAJ","332.583696","51.232948","MAJ","4","5","1","1"
"182.583696,451.232948,MAJ","182.583696","451.232948","MAJ","5","5","0","0"
"482.583696,251.232948,MAJ","482.583696","251.232948","MAJ","5","5","0","0"
"107.583696,184.566282,MAJ","107.583696","184.566282","MAJ","5","5","0","0"
"407.583696,584.566282,MAJ","407.583696","584.566282","MAJ","5","5","0","0"
"557.583696,117.899615,MAJ","557.583696","117.899615","MAJ","5","5","0","0"
"70.083696,517.899615,MAJ","70.083696","517.899615","MAJ","5","5","0","0"
"220.083696,29.010726,MAJ","220.083696","29.010726","MAJ","5","5","0","0"
"520.083696,429.010726,MAJ","520.083696","429.010726","MAJ","5","5","0","0"
"145.083696,229.010726,MAJ","145.083696","229.010726","MAJ","5","5","0","0"
"445.083696,162.34406,MAJ","445.083696","162.34406","MAJ","4","5","1","1"
"295.083696,562.34406,MAJ","295.083696","562.34406","MAJ","5","5","0","0"
"595.083696,362.34406,MAJ","595.083696","362.34406","MAJ","5","5","0","0"
"9.146196,95.677393,MAJ","9.146196","95.677393","MAJ","5","5","0","0"
"309.146196,495.677393,MAJ","309.146196","495.677393","MAJ","5","1","4","4"
"159.146196,295.677393,MAJ","159.146196","295.677393","MAJ","5","5","0","0"
"459.146196,21.603319,MAJ","459.146196","21.603319","MAJ","5","5","0","0"
"84.146196,421.603319,MAJ","84.146196","421.603319","MAJ","5","5","0","0"
"384.146196,221.603319,MAJ","384.146196","221.603319","MAJ","4","5","1","1"
"534.146196,554.936652,MAJ","534.146196","554.936652","MAJ","5","5","0","0"
"46.646196,354.936652,MAJ","46.646196","354.936652","MAJ","5","5","0","0"
"196.646196,488.269985,MAJ","196.646196","488.269985","MAJ","5","5","0","0"
"496.646196,288.269985,MAJ","496.646196","288.269985","MAJ","5","5","0","0"
"121.646196,66.047763,MAJ","121.646196","66.047763","MAJ","5","5","0","0"
"571.646196,199.381097,MAJ","571.646196","199.381097","MAJ","5","5","0","0"
"27.896196,599.381097,MAJ","27.896196","599.381097","MAJ","5","5","0","0"
"177.896196,132.71443,MIN","177.896196","132.71443","MIN","1","5","4","1"
"477.896196,532.71443,MAJ","477.896196","532.71443","MAJ","5","5","0","0"
"102.896196,332.71443,MAJ","102.896196","332.71443","MAJ","5","5","0","0"
"402.896196,43.825541,MAJ","402.896196","43.825541","MAJ","5","5","0","0"
"252.896196,443.825541,MAJ","252.896196","443.825541","MAJ","5","2","3","3"
"552.896196,243.825541,MAJ","552.896196","243.825541","MAJ","5","5","0","0"
"65.396196,177.158874,MAJ","65.396196","177.158874","MAJ","5","5","0","0"
"365.396196,577.158874,MAJ","365.396196","577.158874","MAJ","5","5","0","0"
"215.396196,377.158874,MAJ","215.396196","377.158874","MAJ","5","0","5","5"
"515.396196,110.492208,MAJ","515.396196","110.492208","MAJ","5","5","0","0"
"140.396196,510.492208,MAJ","140.396196","510.492208","MAJ","5","5","0","0"
"440.396196,310.492208,MAJ","440.396196","310.492208","MAJ","5","2","3","3"
"290.396196,14.195911,MAJ","290.396196","14.195911","MAJ","5","5","0","0"
"590.396196,414.195911,MAJ","590.396196","414.195911","MAJ","5","5","0","0"
"18.521196,214.195911,MAJ","18.521196","214.195911","MAJ","5","5","0","0"
"168.521196,547.529245,MAJ","168.521196","547.529245","MAJ","5","5","0","0"
"468.521196,347.529245,MAJ","468.521196","347.529245","MAJ","5","5","0","0"
"93.521196,80.862578,MAJ","93.521196","80.862578","MAJ","5","5","0","0"
"543.521196,58.640356,MAJ","543.521196","58.640356","MAJ","5","5","0","0"
"56.021196,458.640356,MAJ","56.021196","458.640356","MAJ","5","5","0","0"
"206.021196,191.973689,MIN","206.021196","191.973689","MIN","2","5","3","2"
"506.021196,591.973689,MAJ","506.021196","591.973689","MAJ","5","5","0","0"
"131.021196,391.973689,MAJ","131.021196","391.973689","MAJ","5","5","0","0"
"431.021196,125.307023,MAJ","431.021196","125.307023","MAJ","2","5","3","3"
"281.021196,525.307023,MAJ","281.021196","525.307023","MAJ","5","5","0","0"
"581.021196,325.307023,MAJ","581.021196","325.307023","MAJ","5","5","0","0"
"37.271196,36.418134,MAJ","37.271196","36.418134","MAJ","5","5","0","0"
"187.271196,236.418134,MAJ","187.271196","236.418134","MAJ","5","5","0","0"
"487.271196,169.751467,MAJ","487.271196","169.751467","MAJ","5","5","0","0"
"112.271196,569.751467,MAJ","112.271196","569.751467","MAJ","5","5","0","0"
"562.271196,503.0848,MAJ","562.271196","503.0848","MAJ","5","5","0","0"
"74.771196,303.0848,MAJ","74.771196","303.0848","MAJ","5","5","0","0"
"374.771196,4.319368,MAJ","374.771196","4.319368","MAJ","5","5","0","0"
"224.771196,404.319368,MAJ","224.771196","404.319368","MAJ","5","1","4","4"
"524.771196,204.319368,MAJ","524.771196","204.319368","MAJ","5","5","0","0"
"149.771196,137.652702,MAJ","149.771196","137.652702","MAJ","3","5","2","2"
"449.771196,537.652702,MAJ","449.771196","537.652702","MAJ","5","5","0","0"
"599.771196,70.986035,MAJ","599.771196","70.986035","MAJ","5","5","0","0"
"0.210649,470.986035,MAJ","0.210649","470.986035","MAJ","5","5","0","0"
"150.210649,48.763813,MAJ","150.210649","48.763813","MAJ","5","5","0","0"
"450.210649,448.763813,INT","450.210649","448.763813","INT","5","0","5","0"
"75.210649,248.763813,MAJ","75.210649","248.763813","MAJ","5","5","0","0"
"225.210649,582.097146,MAJ","225.210649","582.097146","MAJ","5","5","0","0"
"525.210649,382.097146,MAJ","525.210649","382.097146","MAJ","5","5","0","0"
"37.710649,115.430479,MAJ","37.710649","115.430479","MAJ","5","5","0","0"
"337.710649,515.430479,MAJ","337.710649","515.430479","MAJ","5","2","3","3"
"187.710649,315.430479,MAJ","187.710649","315.430479","MAJ","5","5","0","0"
"487.710649,26.54159,MAJ","487.710649","26.54159","MAJ","5","5","0","0"
"112.710649,426.54159,MAJ","112.710649","426.54159","MAJ","5","5","0","0"
"412.710649,226.54159,MAJ","412.710649","226.54159","MAJ","5","5","0","0"
"562.710649,559.874924,MAJ","562.710649","559.874924","MAJ","5","5","0","0"
"18.960649,359.874924,MAJ","18.960649","359.874924","MAJ","5","5","0","0"
"168.960649,493.208257,MAJ","168.960649","493.208257","MAJ","5","5","0","0"
"468.960649,293.208257,MAJ","468.960649","293.208257","MAJ","5","5","0","0"
"93.960649,19.134183,MAJ","93.960649","19.134183","MAJ","5","5","0","0"
"243.960649,219.134183,MAJ","243.960649","219.134183","MAJ","4","2","4","4"
"543.960649,152.467516,MAJ","543.960649","152.467516","MAJ","5","5","0","0"
"56.460649,552.467516,MAJ","56.460649","552.467516","MAJ","5","5","0","0"
"206.460649,85.80085,MIN","206.460649","85.80085","MIN","1","5","4","1"
"506.460649,485.80085,MAJ","506.460649","485.80085","MAJ","5","5","0","0"
"131.460649,285.80085,MAJ","131.460649","285.80085","MAJ","5","5","0","0"
"431.460649,63.578627,MAJ","431.460649","63.578627","MAJ","5","5","0","0"
"281.460649,463.578627,MAJ","281.460649","463.578627","MAJ","5","1","4","4"
"581.460649,263.578627,MAJ","581.460649","263.578627","MAJ","5","5","0","0"
"9.585649,196.911961,MAJ","9.585649","196.911961","MAJ","5","5","0","0"
"309.585649,596.911961,MAJ","309.585649","596.911961","MAJ","5","5","0","0"
"159.585649,396.911961,MAJ","159.585649","396.911961","MAJ","5","5","0","0"
"459.585649,130.245294,MAJ","459.585649","130.245294","MAJ","5","5","0","0"
"84.585649,530.245294,MAJ","84.585649","530.245294","MAJ","5","5","0","0"
"234.585649,41.356405,MAJ","234.585649","41.356405","MAJ","5","5","0","0"
"534.585649,441.356405,MAJ","534.585649","441.356405","MAJ","5","5","0","0"
"47.085649,241.356405,MAJ","47.085649","241.356405","MAJ","5","5","0","0"
"197.085649,574.689739,MAJ","197.085649","574.689739","MAJ","5","5","0","0"
"497.085649,374.689739,MAJ","497.085649","374.689739","MAJ","5","5","0","0"
"122.085649,108.023072,MAJ","122.085649","108.023072","MAJ","5","5","0","0"
"422.085649,508.023072,INT","422.085649","508.023072","INT","5","2","3","2"
"572.085649,11.726776,MAJ","572.085649","11.726776","MAJ","5","5","0","0"
"28.335649,411.726776,MAJ","28.335649","411.726776","MAJ","5","5","0","0"
"328.335649,211.726776,MAJ","328.335649","211.726776","MAJ","3","4","3","3"
"178.335649,145.060109,MAJ","178.335649","145.060109","MAJ","0","5","5","5"
"478.335649,545.060109,MAJ","478.335649","545.060109","MAJ","5","5","0","0"
"103.335649,345.060109,MAJ","103.335649","345.060109","MAJ","5","5","0","0"
"403.335649,78.393442,MAJ","403.335649","78.393442","MAJ","3","5","2","2"
"253.335649,478.393442,MAJ","253.335649","478.393442","MAJ","5","5","0","0"
"553.335649,278.393442,MAJ","553.335649","278.393442","MAJ","5","5","0","0"
"65.835649,56.17122,MAJ","65.835649","56.17122","MAJ","5","5","0","0"
"215.835649,256.17122,MAJ","215.835649","256.17122","MAJ","5","2","3","3"
"515.835649,189.504553,MAJ","515.835649","189.504553","MAJ","5","5","0","0"
"140.835649,589.504553,MAJ","140.835649","589.504553","MAJ","5","5","0","0"
"590.835649,522.837887,MAJ","590.835649","522.837887","MAJ","5","5","0","0"
"4.898149,322.837887,MAJ","4.898149","322.837887","MAJ","5","5","0","0"
"304.898149,33.948998,MAJ","304.898149","33.948998","MAJ","5","5","0","0"
"154.898149,433.948998,MAJ","154.898149","433.948998","MAJ","5","5","0","0"
"454.898149,233.948998,MAJ","454.898149","233.948998","MAJ","5","5","0","0"
"79.898149,167.282331,MAJ","79.898149","167.282331","MAJ","5","5","0","0"
"379.898149,567.282331,MAJ","379.898149","567.282331","MAJ","5","5","0","0"
"229.898149,367.282331,INT","229.898149","367.282331","INT","5","1","4","1"
"529.898149,100.615664,MAJ","529.898149","100.615664","MAJ","5","5","0","0"
"42.398149,500.615664,MAJ","42.398149","500.615664","MAJ","5","5","0","0"
"192.398149,1.027187,MAJ","192.398149","1.027187","MAJ","5","5","0","0"
"492.398149,401.027187,MAJ","492.398149","401.027187","MAJ","5","5","0","0"
"117.398149,201.027187,MAJ","117.398149","201.027187","MAJ","5","5","0","0"
"267.398149,534.36052,MAJ","267.398149","534.36052","MAJ","5","5","0","0"
"567.398149,334.36052,MAJ","567.398149","334.36052","MAJ","5","5","0","0"
"23.648149,67.693854,MAJ","23.648149","67.693854","MAJ","5","5","0","0"
"173.648149,267.693854,MAJ","173.648149","267.693854","MAJ","5","5","0","0"
"473.648149,45.471632,MAJ","473.648149","45.471632","MAJ","5","5","0","0"
"98.648149,445.471632,MAJ","98.648149","445.471632","MAJ","5","5","0","0"
"398.648149,245.471632,MAJ","398.648149","245.471632","MAJ","5","4","1","1"
"548.648149,578.804965,MAJ","548.648149","578.804965","MAJ","5","5","0","0"
"61.148149,378.804965,MAJ","61.148149","378.804965","MAJ","5","5","0","0"
"211.148149,512.138298,MAJ","211.148149","512.138298","MAJ","5","5","0","0"
"511.148149,312.138298,MAJ","511.148149","312.138298","MAJ","5","5","0","0"
"136.148149,23.249409,MAJ","136.148149","23.249409","MAJ","5","5","0","0"
"286.148149,223.249409,MAJ","286.148149","223.249409","MAJ","5","1","4","4"
"586.148149,156.582743,MAJ","586.148149","156.582743","MAJ","5","5","0","0"
"14.273149,556.582743,MAJ","14.273149","556.582743","MAJ","5","5","0","0"
"164.273149,89.916076,MAJ","164.273149","89.916076","MAJ","3","5","2","2"
"464.273149,489.916076,MAJ","464.273149","489.916076","MAJ","5","1","4","4"
"89.273149,289.916076,MAJ","89.273149","289.916076","MAJ","5","5","0","0"
"389.273149,15.842002,MAJ","389.273149","15.842002","MAJ","5","5","0","0"
"239.273149,415.842002,MAJ","239.273149","415.842002","MAJ","5","2","3","3"
"539.273149,215.842002,MAJ","539.273149","215.842002","MAJ","5","5","0","0"
"51.773149,149.175335,MAJ","51.773149","149.175335","MAJ","5","5","0","0"
"351.773149,549.175335,MAJ","351.773149","549.175335","MAJ","5","5","0","0"
"201.773149,349.175335,MAJ","201.773149","349.175335","MAJ","5","4","1","1"
"501.773149,82.508669,MAJ","501.773149","82.508669","MAJ","5","5","0","0"
"126.773149,482.508669,MAJ","126.773149","482.508669","MAJ","5","5","0","0"
"426.773149,282.508669,MAJ","426.773149","282.508669","MAJ","5","1","4","4"
"276.773149,60.286446,MAJ","276.773149","60.286446","MAJ","3","5","2","2"
"576.773149,460.286446,MAJ","576.773149","460.286446","MAJ","5","5","0","0"
"33.023149,260.286446,MAJ","33.023149","260.286446","MAJ","5","5","0","0"
"183.023149,593.61978,MAJ","183.023149","593.61978","MAJ","5","5","0","0"
"483.023149,393.61978,MAJ","483.023149","393.61978","MAJ","5","5","0","0"
"108.023149,126.953113,MAJ","108.023149","126.953113","MAJ","5","5","0","0"
"408.023149,526.953113,MAJ","408.023149","526.953113","MAJ","5","2","3","3"
"558.023149,38.064224,MAJ","558.023149","38.064224","MAJ","5","5","0","0"
"70.523149,438.064224,MAJ","70.523149","438.064224","MAJ","5","5","0","0"
"370.523149,238.064224,MAJ","370.523149","238.064224","MAJ","5","2","3","3"
"520.523149,571.397557,MAJ","520.523149","571.397557","MAJ","5","5","0","0"
"145.523149,371.397557,MAJ","145.523149","371.397557","MAJ","5","5","0","0"
"445.523149,104.730891,MAJ","445.523149","104.730891","MAJ","3","5","2","2"
"295.523149,504.730891,MAJ","295.523149","504.730891","MAJ","5","3","2","2"
"595.523149,304.730891,MAJ","595.523149","304.730891","MAJ","5","5","0","0"
"2.554399,8.434595,MAJ","2.554399","8.434595","MAJ","5","5","0","0"
"152.554399,208.434595,MAJ","152.554399","208.434595","MAJ","5","5","0","0"
"452.554399,141.767928,MAJ","452.554399","141.767928","MAJ","4","5","1","1"
"77.554399,541.767928,MAJ","77.554399","541.767928","MAJ","5","5","0","0"
"227.554399,75.101261,MAJ","227.554399","75.101261","MAJ","1","5","4","4"
"527.554399,475.101261,MAJ","527.554399","475.101261","MAJ","5","5","0","0"
"40.054399,275.101261,MAJ","40.054399","275.101261","MAJ","5","5","0","0"
"340.054399,52.879039,MAJ","340.054399","52.879039","MAJ","5","5","0","0"
"190.054399,452.879039,MAJ","190.054399","452.879039","MAJ","5","5","0","0"
"490.054399,252.879039,MAJ","490.054399","252.879039","MAJ","5","5","0","0"
"115.054399,186.212372,MAJ","115.054399","186.212372","MAJ","5","5","0","0"
"415.054399,586.212372,MAJ","415.054399","586.212372","MAJ","5","5","0","0"
"565.054399,119.545706,MAJ","565.054399","119.545706","MAJ","5","5","0","0"
"21.304399,519.545706,MAJ","21.304399","519.545706","MAJ","5","5","0","0"
"171.304399,30.656817,MAJ","171.304399","30.656817","MAJ","5","5","0","0"
"471.304399,430.656817,MAJ","471.304399","430.656817","MAJ","5","3","2","2"
"96.304399,230.656817,MAJ","96.304399","230.656817","MAJ","5","5","0","0"
"246.304399,563.99015,MAJ","246.304399","563.99015","MAJ","5","5","0","0"
"546.304399,363.99015,MAJ","546.304399","363.99015","MAJ","5","5","0","0"
"58.804399,97.323483,MAJ","58.804399","97.323483","MAJ","5","5","0","0"
"208.804399,297.323483,MAJ","208.804399","297.323483","MAJ","5","2","3","3"
"508.804399,5.965459,MAJ","508.804399","5.965459","MAJ","5","5","0","0"
"133.804399,405.965459,MAJ","133.804399","405.965459","MAJ","5","5","0","0"
"433.804399,205.965459,MAJ","433.804399","205.965459","MAJ","5","5","0","0"
"583.804399,539.298792,MAJ","583.804399","539.298792","MAJ","5","5","0","0"
"11.929399,339.298792,MAJ","11.929399","339.298792","MAJ","5","5","0","0"
"311.929399,72.632125,MIN","311.929399","72.632125","MIN","1","5","4","1"
"161.929399,472.632125,MAJ","161.929399","472.632125","MAJ","5","5","0","0"
"461.929399,272.632125,MAJ","461.929399","272.632125","MAJ","5","5","0","0"
"86.929399,50.409903,MAJ","86.929399","50.409903","MAJ","5","5","0","0"
"236.929399,250.409903,INT","236.929399","250.409903","INT","5","2","3","2"
"536.929399,183.743236,MAJ","536.929399","183.743236","MAJ","5","5","0","0"
"49.429399,583.743236,MAJ","49.429399","583.743236","MAJ","5","5","0","0"
"499.429399,517.07657,MAJ","499.429399","517.07657","MAJ","5","5","0","0"
"124.429399,317.07657,MAJ","124.429399","317.07657","MAJ","5","5","0","0"
"424.429399,28.187681,MAJ","424.429399","28.187681","MAJ","5","5","0","0"
"574.429399,228.187681,MAJ","574.429399","228.187681","MAJ","5","5","0","0"
"30.679399,161.521014,MAJ","30.679399","161.521014","MAJ","5","5","0","0"
"330.679399,561.521014,MAJ","330.679399","561.521014","MAJ","5","5","0","0"
"180.679399,361.521014,MAJ","180.679399","361.521014","MAJ","5","5","0","0"
"480.679399,94.854348,MAJ","480.679399","94.854348","MAJ","5","5","0","0"
"105.679399,494.854348,MAJ","105.679399","494.854348","MAJ","5","5","0","0"
"405.679399,294.854348,INT","405.679399","294.854348","INT","5","0","5","0"
"255.679399,20.780274,MAJ","255.679399","20.780274","MAJ","5","5","0","0"
"555.679399,420.780274,MAJ","555.679399","420.780274","MAJ","5","5","0","0"
"68.179399,220.780274,MAJ","68.179399","220.780274","MAJ","5","5","0","0"
"218.179399,554.113607,MAJ","218.179399","554.113607","MAJ","5","5","0","0"
"518.179399,354.113607,MAJ","518.179399","354.113607","MAJ","5","5","0","0"
"143.179399,87.44694,MAJ","143.179399","87.44694","MAJ","5","5","0","0"
"443.179399,487.44694,INT","443.179399","487.44694","INT","5","1","4","1"
"593.179399,65.224718,MAJ","593.179399","65.224718","MAJ","5","5","0","0"
"7.241899,465.224718,MAJ","7.241899","465.224718","MAJ","5","5","0","0"
"157.241899,198.558051,MAJ","157.241899","198.558051","MAJ","5","5","0","0"
"457.241899,598.558051,MAJ","457.241899","598.558051","MAJ","5","5","0","0"
"82.241899,398.558051,MAJ","82.241899","398.558051","MAJ","5","5","0","0"
"232.241899,531.891385,MAJ","232.241899","531.891385","MAJ","5","5","0","0"
"532.241899,331.891385,MAJ","532.241899","331.891385","MAJ","5","5","0","0"
"44.741899,43.002496,MAJ","44.741899","43.002496","MAJ","5","5","0","0"
"194.741899,243.002496,MAJ","194.741899","243.002496","MAJ","5","5","0","0"
"494.741899,176.335829,MAJ","494.741899","176.335829","MAJ","5","5","0","0"
"119.741899,576.335829,MAJ","119.741899","576.335829","MAJ","5","5","0","0"
"569.741899,509.669162,MAJ","569.741899","509.669162","MAJ","5","5","0","0"
"25.991899,309.669162,MAJ","25.991899","309.669162","MAJ","5","5","0","0"
"325.991899,13.372866,MAJ","325.991899","13.372866","MAJ","5","5","0","0"
"175.991899,413.372866,MAJ","175.991899","413.372866","MAJ","5","5","0","0"
"475.991899,213.372866,MAJ","475.991899","213.372866","MAJ","5","5","0","0"
"100.991899,146.706199,MAJ","100.991899","146.706199","MAJ","5","5","0","0"
"400.991899,546.706199,MAJ","400.991899","546.706199","MAJ","5","3","2","2"
"550.991899,80.039533,MAJ","550.991899","80.039533","MAJ","5","5","0","0"
"63.491899,480.039533,MAJ","63.491899","480.039533","MAJ","5","5","0","0"
"213.491899,57.817311,MAJ","213.491899","57.817311","MAJ","4","5","1","1"
"513.491899,457.817311,MAJ","513.491899","457.817311","MAJ","5","5","0","0"
"138.491899,257.817311,MAJ","138.491899","257.817311","MAJ","5","5","0","0"
"438.491899,191.150644,MAJ","438.491899","191.150644","MAJ","5","5","0","0"
"288.491899,591.150644,MAJ","288.491899","591.150644","MAJ","5","5","0","0"
"588.491899,391.150644,MAJ","588.491899","391.150644","MAJ","5","5","0","0"
"16.616899,124.483977,MAJ","16.616899","124.483977","MAJ","5","5","0","0"
"316.616899,524.483977,MAJ","316.616899","524.483977","MAJ","5","4","1","1"
"166.616899,324.483977,MAJ","166.616899","324.483977","MAJ","5","5","0","0"
"466.616899,35.595088,MAJ","466.616899","35.595088","MAJ","5","5","0","0"
"91.616899,435.595088,MAJ","91.616899","435.595088","MAJ","5","5","0","0"
"391.616899,235.595088,MAJ","391.616899","235.595088","MAJ","5","4","1","1"
"541.616899,568.928422,MAJ","541.616899","568.928422","MAJ","5","5","0","0"
"54.116899,368.928422,MAJ","54.116899","368.928422","MAJ","5","5","0","0"
"204.116899,502.261755,MAJ","204.116899","502.261755","MAJ","5","5","0","0"
"504.116899,302.261755,MAJ","504.116899","302.261755","MAJ","5","5","0","0"
"129.116899,3.496323,MAJ","129.116899","3.496323","MAJ","5","5","0","0"
"279.116899,203.496323,MIN","279.116899","203.496323","MIN","2","5","3","2"
"579.116899,136.829656,MAJ","579.116899","136.829656","MAJ","5","5","0","0"
"35.366899,536.829656,MAJ","35.366899","536.829656","MAJ","5","5","0","0"
"185.366899,70.16299,MAJ","185.366899","70.16299","MAJ","2","5","3","3"
"485.366899,470.16299,MAJ","485.366899","470.16299","MAJ","5","5","0","0"
"110.366899,270.16299,MAJ","110.366899","270.16299","MAJ","5","5","0","0"
"410.366899,47.940767,MAJ","410.366899","47.940767","MAJ","5","5","0","0"
"260.366899,447.940767,MAJ","260.366899","447.940767","MAJ","5","1","4","4"
"560.366899,247.940767,MAJ","560.366899","247.940767","MAJ","5","5","0","0"
"72.866899,181.274101,MAJ","72.866899","181.274101","MAJ","5","5","0","0"
"372.866899,581.274101,MAJ","372.866899","581.274101","MAJ","5","5","0","0"
"222.866899,381.274101,INT","222.866899","381.274101","INT","5","1","4","1"
"522.866899,114.607434,MAJ","522.866899","114.607434","MAJ","5","5","0","0"
"147.866899,514.607434,MAJ","147.866899","514.607434","MAJ","5","5","0","0"
"447.866899,314.607434,MAJ","447.866899","314.607434","MAJ","5","2","3","3"
"297.866899,25.718545,MAJ","297.866899","25.718545","MAJ","5","5","0","0"
"597.866899,425.718545,MAJ","597.866899","425.718545","MAJ","5","5","0","0"
"1.382524,225.718545,MAJ","1.382524","225.718545","MAJ","5","5","0","0"
"151.382524,559.051878,MAJ","151.382524","559.051878","MAJ","5","5","0","0"
"451.382524,359.051878,MAJ","451.382524","359.051878","MAJ","5","0","5","5"
"76.382524,92.385212,MAJ","76.382524","92.385212","MAJ","5","5","0","0"
"226.382524,292.385212,MAJ","226.382524","292.385212","MAJ","5","0","5","5"
"526.382524,18.311138,MAJ","526.382524","18.311138","MAJ","5","5","0","0"
"38.882524,418.311138,MAJ","38.882524","418.311138","MAJ","5","5","0","0"
"338.882524,218.311138,MAJ","338.882524","218.311138","MAJ","3","5","2","2"
"488.882524,551.644471,MAJ","488.882524","551.644471","MAJ","5","5","0","0"
"113.882524,351.644471,MAJ","113.882524","351.644471","MAJ","5","5","0","0"
"413.882524,84.977804,MAJ","413.882524","84.977804","MAJ","3","5","2","2"
"263.882524,484.977804,MAJ","263.882524","484.977804","MAJ","5","5","0","0"
"563.882524,284.977804,MAJ","563.882524","284.977804","MAJ","5","5","0","0"
"20.132524,62.755582,MAJ","20.132524","62.755582","MAJ","5","5","0","0"
"170.132524,262.755582,MAJ","170.132524","262.755582","MAJ","5","5","0","0"
"470.132524,196.088916,MAJ","470.132524","196.088916","MAJ","5","5","0","0"
"95.132524,596.088916,MAJ","95.132524","596.088916","MAJ","5","5","0","0"
"545.132524,529.422249,MAJ","545.132524","529.422249","MAJ","5","5","0","0"
"57.632524,329.422249,MAJ","57.632524","329.422249","MAJ","5","5","0","0"
"357.632524,40.53336,MAJ","357.632524","40.53336","MAJ","5","5","0","0"
"207.632524,440.53336,MAJ","207.632524","440.53336","MAJ","5","5","0","0"
"507.632524,240.53336,MAJ","507.632524","240.53336","MAJ","5","5","0","0"
"132.632524,173.866693,MAJ","132.632524","173.866693","MAJ","5","5","0","0"
"432.632524,573.866693,MAJ","432.632524","573.866693","MAJ","5","5","0","0"
"582.632524,107.200027,MAJ","582.632524","107.200027","MAJ","5","5","0","0"
"10.757524,507.200027,MAJ","10.757524","507.200027","MAJ","5","5","0","0"
"160.757524,10.90373,MAJ","160.757524","10.90373","MAJ","5","5","0","0"
"460.757524,410.90373,MAJ","460.757524","410.90373","MAJ","5","3","2","2"
"85.757524,210.90373,MAJ","85.757524","210.90373","MAJ","5","5","0","0"
"235.757524,544.237064,MAJ","235.757524","544.237064","MAJ","5","5","0","0"
"535.757524,344.237064,MAJ","535.757524","344.237064","MAJ","5","5","0","0"
"48.257524,77.570397,MAJ","48.257524","77.570397","MAJ","5","5","0","0"
"198.257524,277.570397,MAJ","198.257524","277.570397","MAJ","5","2","3","3"
"498.257524,55.348175,MAJ","498.257524","55.348175","MAJ","5","5","0","0"
"123.257524,455.348175,MAJ","123.257524","455.348175","MAJ","5","5","0","0"
"423.257524,255.348175,MAJ","423.257524","255.348175","MAJ","5","5","0","0"
"573.257524,588.681508,MAJ","573.257524","588.681508","MAJ","5","5","0","0"
"29.507524,388.681508,MAJ","29.507524","388.681508","MAJ","5","5","0","0"
"179.507524,522.014841,MAJ","179.507524","522.014841","MAJ","5","5","0","0"
"479.507524,322.014841,MAJ","479.507524","322.014841","MAJ","5","5","0","0"
"104.507524,33.125953,MAJ","104.507524","33.125953","MAJ","5","5","0","0"
"254.507524,233.125953,INT","254.507524","233.125953","INT","5","1","4","1"
"554.507524,166.459286,MAJ","554.507524","166.459286","MAJ","5","5","0","0"
"67.007524,566.459286,MAJ","67.007524","566.459286","MAJ","5","5","0","0"
"517.007524,499.792619,MAJ","517.007524","499.792619","MAJ","5","5","0","0"
"142.007524,299.792619,MAJ","142.007524","299.792619","MAJ","5","5","0","0"
"442.007524,0.752839,MAJ","442.007524","0.752839","MAJ","5","5","0","0"
"592.007524,200.752839,MAJ","592.007524","200.752839","MAJ","5","5","0","0"
"6.070024,134.086172,MAJ","6.070024","134.086172","MAJ","5","5","0","0"
"306.070024,534.086172,MAJ","306.070024","534.086172","MAJ","5","5","0","0"
"156.070024,334.086172,MAJ","156.070024","334.086172","MAJ","5","5","0","0"
"456.070024,67.419505,MAJ","456.070024","67.419505","MAJ","5","5","0","0"
"81.070024,467.419505,MAJ","81.070024","467.419505","MAJ","5","5","0","0"
"381.070024,267.419505,MAJ","381.070024","267.419505","MAJ","5","0","5","5"
"231.070024,45.197283,MAJ","231.070024","45.197283","MAJ","4","5","1","1"
"531.070024,445.197283,MAJ","531.070024","445.197283","MAJ","5","5","0","0"
"43.570024,245.197283,MAJ","43.570024","245.197283","MAJ","5","5","0","0"
"193.570024,578.530616,MAJ","193.570024","578.530616","MAJ","5","5","0","0"
"493.570024,378.530616,MAJ","493.570024","378.530616","MAJ","5","5","0","0"
"118.570024,111.86395,MAJ","118.570024","111.86395","MAJ","5","5","0","0"
"418.570024,511.86395,MAJ","418.570024","511.86395","MAJ","5","2","3","3"
"568.570024,22.975061,MAJ","568.570024","22.975061","MAJ","5","5","0","0"
"24.820024,422.975061,MAJ","24.820024","422.975061","MAJ","5","5","0","0"
"324.820024,222.975061,MAJ","324.820024","222.975061","MAJ","5","2","3","3"
"174.820024,156.308394,MIN","174.820024","156.308394","MIN","2","5","3","2"
"474.820024,556.308394,MAJ","474.820024","556.308394","MAJ","5","5","0","0"
"99.820024,356.308394,MAJ","99.820024","356.308394","MAJ","5","5","0","0"
"399.820024,89.641728,MAJ","399.820024","89.641728","MAJ","2","5","3","3"
"249.820024,489.641728,MAJ","249.820024","489.641728","MAJ","5","5","0","0"
"549.820024,289.641728,MAJ","549.820024","289.641728","MAJ","5","5","0","0"
"62.320024,15.567654,MAJ","62.320024","15.567654","MAJ","5","5","0","0"
"212.320024,215.567654,MAJ","212.320024","215.567654","MAJ","3","5","2","2"
"512.320024,148.900987,MAJ","512.320024","148.900987","MAJ","5","5","0","0"
"137.320024,548.900987,MAJ","137.320024","548.900987","MAJ","5","5","0","0"
"437.320024,348.900987,INT","437.320024","348.900987","INT","5","1","4","1"
"587.320024,482.23432,MAJ","587.320024","482.23432","MAJ","5","5","0","0"
"15.445024,282.23432,MAJ","15.445024","282.23432","MAJ","5","5","0","0"
"315.445024,60.012098,MAJ","315.445024","60.012098","MAJ","1","5","4","4"
"165.445024,460.012098,MAJ","165.445024","460.012098","MAJ","5","5","0","0"
"465.445024,260.012098,MAJ","465.445024","260.012098","MAJ","5","5","0","0"
"90.445024,193.345431,MAJ","90.445024","193.345431","MAJ","5","5","0","0"
"390.445024,593.345431,MAJ","390.445024","593.345431","MAJ","5","5","0","0"
"240.445024,393.345431,INT","240.445024","393.345431","INT","5","1","4","1"
"540.445024,126.678765,MAJ","540.445024","126.678765","MAJ","5","5","0","0"
"52.945024,526.678765,MAJ","52.945024","526.678765","MAJ","5","5","0","0"
"202.945024,37.789876,MAJ","202.945024","37.789876","MAJ","5","5","0","0"
"502.945024,437.789876,MAJ","502.945024","437.789876","MAJ","5","5","0","0"
"127.945024,237.789876,MAJ","127.945024","237.789876","MAJ","5","5","0","0"
"427.945024,171.123209,MAJ","427.945024","171.123209","MAJ","3","5","2","2"
"277.945024,571.123209,MAJ","277.945024","571.123209","MAJ","5","5","0","0"
"577.945024,371.123209,MAJ","577.945024","371.123209","MAJ","5","5","0","0"
"34.195024,104.456542,MAJ","34.195024","104.456542","MAJ","5","5","0","0"
"334.195024,504.456542,INT","334.195024","504.456542","INT","5","2","3","2"
"184.195024,304.456542,MAJ","184.195024","304.456542","MAJ","5","5","0","0"
"484.195024,8.160246,MAJ","484.195024","8.160246","MAJ","5","5","0","0"
"109.195024,408.160246,MAJ","109.195024","408.160246","MAJ","5","5","0","0"
"409.195024,208.160246,MAJ","409.195024","208.160246","MAJ","4","5","1","1"
"559.195024,541.493579,MAJ","559.195024","541.493579","MAJ","5","5","0","0"
"71.695024,341.493579,MAJ","71.695024","341.493579","MAJ","5","5","0","0"
"371.695024,74.826913,MAJ","371.695024","74.826913","MAJ","2","5","3","3"
"221.695024,474.826913,MAJ","221.695024","474.826913","MAJ","5","5","0","0"
"521.695024,274.826913,MAJ","521.695024","274.826913","MAJ","5","5","0","0"
"146.695024,52.604691,MAJ","146.695024","52.604691","MAJ","5","5","0","0"
"446.695024,452.604691,INT","446.695024","452.604691","INT","5","0","5","0"
"596.695024,185.938024,MAJ","596.695024","185.938024","MAJ","5","5","0","0"
"3.726274,585.938024,MAJ","3.726274","585.938024","MAJ","5","5","0","0"
"153.726274,119.271357,MAJ","153.726274","119.271357","MAJ","2","5","3","3"
"453.726274,519.271357,MAJ","453.726274","519.271357","MAJ","5","4","1","1"
"78.726274,319.271357,MAJ","78.726274","319.271357","MAJ","5","5","0","0"
"378.726274,30.382468,MAJ","378.726274","30.382468","MAJ","5","5","0","0"
"228.726274,430.382468,MAJ","228.726274","430.382468","MAJ","5","4","1","1"
"528.726274,230.382468,MAJ","528.726274","230.382468","MAJ","5","5","0","0"
"41.226274,163.715802,MAJ","41.226274","163.715802","MAJ","5","5","0","0"
"341.226274,563.715802,MAJ","341.226274","563.715802","MAJ","5","5","0","0"
"191.226274,363.715802,MAJ","191.226274","363.715802","MAJ","5","5","0","0"
"491.226274,97.049135,MAJ","491.226274","97.049135","MAJ","5","5","0","0"
"116.226274,497.049135,MAJ","116.226274","497.049135","MAJ","5","5","0","0"
"416.226274,297.049135,INT","416.226274","297.049135","INT","5","1","4","1"
"266.226274,5.69111,MAJ","266.226274","5.69111","MAJ","5","5","0","0"
"566.226274,405.69111,MAJ","566.226274","405.69111","MAJ","5","5","0","0"
"22.476274,205.69111,MAJ","22.476274","205.69111","MAJ","5","5","0","0"
"172.476274,539.024444,MAJ","172.476274","539.024444","MAJ","5","5","0","0"
"472.476274,339.024444,MAJ","472.476274","339.024444","MAJ","5","5","0","0"
"97.476274,72.357777,MAJ","97.476274","72.357777","MAJ","5","5","0","0"
"303.576532,211.748036,MIN","303.576532","211.748036","MIN","3","3","4","3"
